sequence_id,ImageId,ClassId
uah/1,uah/00000525_2.png,1
uah/1,uah/00000470.png,1
uah/1,uah/00000469.png,1
uah/1,uah/00000487.png,2
uah/1,uah/00000551_2.png,1
uah/1,uah/00000479.png,1
uah/1,uah/00000489_3.png,1
uah/1,uah/00000490.png,1
uah/1,uah/00000492.png,1
uah/1,uah/00000493.png,1
uah/1,uah/00000497.png,2
uah/1,uah/00000478.png,2
uah/1,uah/00000498.png,2
uah/1,uah/00000516_2.png,1
uah/1,uah/00000546_2.png,1
uah/1,uah/00000542_2.png,1
uah/1,uah/00000532.png,1
uah/1,uah/00000543_2.png,1
uah/1,uah/00000544_2.png,1
uah/1,uah/00000545_2.png,1
uah/1,uah/00000499.png,1
uah/1,uah/00000517_2.png,1
uah/2,uah/00000618_2.png,1
uah/2,uah/00000617_2.png,1
uah/2,uah/00000598.png,2
uah/2,uah/00000593.png,1
uah/2,uah/00000595.png,2
uah/2,uah/00000596.png,2
uah/2,uah/00000614_2.png,1
uah/2,uah/00000619_2.png,1
uah/2,uah/00000601.png,1
uah/2,uah/00000600.png,1
uah/2,uah/00000602.png,1
uah/2,uah/00000616_2.png,1
uah/2,uah/00000603.png,1
uah/2,uah/00000615_2.png,1
uah/2,uah/00000605.png,1
uah/2,uah/00000606.png,1
uah/2,uah/00000607.png,1
uah/2,uah/00000612.png,1
uah/2,uah/00000599.png,1
uah/2,uah/00000604.png,1
uah/2,uah/00000624_2.png,1
uah/2,uah/00000613.png,1
uah/2,uah/00000632_2.png,1
uah/2,uah/00000631.png,1
uah/2,uah/00000630.png,1
uah/2,uah/00000625_2.png,1
uah/2,uah/00000629.png,1
uah/2,uah/00000627_2.png,1
uah/3,uah/00000180.png,1
uah/3,uah/00000153.png,1
uah/3,uah/00000179_2.png,1
uah/3,uah/00000178.png,1
uah/3,uah/00000177.png,1
uah/3,uah/00000174.png,1
uah/3,uah/00000164.png,1
uah/3,uah/00000172.png,1
uah/3,uah/00000171_2.png,1
uah/3,uah/00000170.png,1
uah/3,uah/00000169.png,1
uah/3,uah/00000176.png,1
uah/3,uah/00000181.png,1
uah/3,uah/00000152.png,1
uah/3,uah/00000154.png,1
uah/3,uah/00000156.png,1
uah/4,uah/00000730_2.png,1
uah/4,uah/00000720_2.png,1
uah/4,uah/00000696_3.png,1
uah/4,uah/00000704.png,1
uah/4,uah/00000736_3.png,1
uah/4,uah/00000703.png,1
uah/4,uah/00000721_3.png,1
uah/4,uah/00000725_2.png,1
uah/4,uah/00000702_2.png,1
uah/4,uah/00000737_4.png,1
uah/4,uah/00000722_2.png,1
uah/4,uah/00000699_3.png,1
uah/4,uah/00000695_3.png,1
uah/4,uah/00000723_2.png,1
uah/4,uah/00000738_4.png,1
uah/4,uah/00000700_3.png,1
uah/4,uah/00000739_4.png,1
uah/4,uah/00000705.png,1
uah/4,uah/00000735_4.png,1
uah/4,uah/00000726_2.png,1
uah/4,uah/00000719_2.png,1
uah/4,uah/00000714.png,1
uah/4,uah/00000731_2.png,1
uah/4,uah/00000716.png,1
uah/4,uah/00000713.png,1
uah/4,uah/00000729.png,1
uah/4,uah/00000712.png,1
uah/4,uah/00000732_3.png,1
uah/4,uah/00000728_2.png,1
uah/4,uah/00000717.png,1
uah/4,uah/00000697_3.png,1
uah/4,uah/00000733_3.png,1
uah/4,uah/00000727_2.png,1
uah/4,uah/00000709.png,1
uah/4,uah/00000698_3.png,1
uah/4,uah/00000718_2.png,1
uah/4,uah/00000708.png,1
uah/4,uah/00000734_3.png,1
uah/4,uah/00000715_2.png,1
uah/4,uah/00000724_2.png,1
uah/5,uah/00001034_2.png,1
uah/5,uah/00001040.png,1
uah/5,uah/00001035_2.png,1
uah/5,uah/00001037.png,1
uah/5,uah/00001036.png,1
uah/5,uah/00001039.png,1
uah/5,uah/00001038.png,1
uah/6,uah/00000024_3.png,1
uah/6,uah/00000026_3.png,1
uah/6,uah/00000027.png,1
uah/7,uah/00000278.png,1
uah/7,uah/00000296_2.png,1
uah/7,uah/00000295.png,1
uah/7,uah/00000294.png,1
uah/7,uah/00000293_2.png,1
uah/7,uah/00000292_2.png,1
uah/7,uah/00000291.png,1
uah/7,uah/00000281.png,1
uah/7,uah/00000280.png,1
uah/7,uah/00000304.png,1
uah/7,uah/00000303.png,1
uah/7,uah/00000277.png,1
uah/7,uah/00000276.png,1
uah/7,uah/00000275.png,1
uah/7,uah/00000273.png,1
uah/7,uah/00000272.png,1
uah/7,uah/00000271.png,1
uah/7,uah/00000270.png,1
uah/7,uah/00000266.png,2
uah/7,uah/00000279.png,1
uah/8,uah/00000356_2.png,1
uah/8,uah/00000358_2.png,1
uah/8,uah/00000366_2.png,1
uah/8,uah/00000359_2.png,1
uah/8,uah/00000360_2.png,1
uah/8,uah/00000362_2.png,1
uah/8,uah/00000363_2.png,1
uah/8,uah/00000364.png,1
uah/8,uah/00000365.png,1
uah/8,uah/00000372_3.png,1
uah/8,uah/00000355_2.png,1
uah/8,uah/00000367.png,1
uah/8,uah/00000369_2.png,1
uah/8,uah/00000368_2.png,1
uah/9,uah/00000567_2.png,1
uah/9,uah/00000568_2.png,1
uah/9,uah/00000578_2.png,1
uah/9,uah/00000566_2.png,1
uah/9,uah/00000120_3.png,1
uah/9,uah/00000121_3.png,1
uah/9,uah/00000122_4.png,1
uah/9,uah/00000125_3.png,1
uah/9,uah/00000126_3.png,1
uah/9,uah/00000461_2.png,1
uah/9,uah/00000519_2.png,1
uah/9,uah/00000459.png,1
uah/9,uah/00000457.png,1
uah/9,uah/00000455.png,1
uah/9,uah/00000454.png,1
uah/9,uah/00000453.png,1
uah/9,uah/00000452.png,1
uah/9,uah/00000451.png,1
uah/9,uah/00000448.png,1
uah/9,uah/00000446.png,1
uah/9,uah/00000421.png,1
uah/9,uah/00000460_2.png,1
uah/9,uah/00000420.png,1
uah/9,uah/00000418.png,1
uah/9,uah/00000417.png,1
uah/9,uah/00000416.png,1
uah/9,uah/00000409.png,1
uah/9,uah/00000408.png,1
uah/9,uah/00000407.png,1
uah/9,uah/00000181_2.png,1
uah/9,uah/00000406.png,1
uah/9,uah/00000405.png,1
uah/9,uah/00000188.png,1
uah/9,uah/00000419.png,1
uah/9,uah/00000520_2.png,1
uah/9,uah/00000579_2.png,1
uah/9,uah/00000467_2.png,1
uah/9,uah/00000512.png,1
uah/9,uah/00000511.png,1
uah/9,uah/00000510.png,1
uah/9,uah/00000508_2.png,1
uah/9,uah/00000507_2.png,1
uah/9,uah/00000497_2.png,1
uah/9,uah/00000142_3.png,1
uah/9,uah/00000143.png,1
uah/9,uah/00000144.png,1
uah/9,uah/00000145.png,1
uah/9,uah/00000466.png,1
uah/9,uah/00000147.png,1
uah/9,uah/00000154_3.png,1
uah/9,uah/00000479_3.png,1
uah/9,uah/00000478_3.png,1
uah/9,uah/00000476_2.png,1
uah/9,uah/00000475_2.png,1
uah/9,uah/00000474_2.png,1
uah/9,uah/00000473_2.png,1
uah/9,uah/00000472_2.png,1
uah/9,uah/00000470_3.png,1
uah/9,uah/00000468_2.png,1
uah/9,uah/00000480_3.png,1
uah/9,uah/00000580.png,1
uah/9,uah/00000444.png,1
uah/9,uah/00000583_2.png,1
uah/9,uah/00000584.png,1
uah/9,uah/00000585.png,1
uah/9,uah/00000581_2.png,1
uah/10,uah/00000699_4.png,2
uah/10,uah/00000710.png,2
uah/10,uah/00000711.png,2
uah/10,uah/00000712_2.png,2
uah/10,uah/00000713_2.png,2
uah/10,uah/00000714_2.png,2
uah/10,uah/00000716_2.png,2
uah/10,uah/00000709_2.png,2
uah/10,uah/00000717_2.png,2
uah/10,uah/00000719_3.png,2
uah/10,uah/00000720_3.png,2
uah/10,uah/00000694_3.png,2
uah/10,uah/00000715_3.png,2
uah/10,uah/00000708_2.png,2
uah/10,uah/00000706.png,2
uah/10,uah/00000722_3.png,2
uah/10,uah/00000705_2.png,2
uah/10,uah/00000704_2.png,2
uah/10,uah/00000703_2.png,2
uah/10,uah/00000702_3.png,2
uah/10,uah/00000701_3.png,2
uah/10,uah/00000700_4.png,2
uah/10,uah/00000698_4.png,2
uah/10,uah/00000697_4.png,2
uah/10,uah/00000696_4.png,2
uah/10,uah/00000692_2.png,2
uah/10,uah/00000695_4.png,2
uah/10,uah/00000707.png,2
uah/10,uah/00000723_3.png,2
uah/10,uah/00000721_4.png,2
uah/10,uah/00000725_3.png,2
uah/10,uah/00000724_3.png,2
uah/10,uah/00000693_2.png,2
uah/11,uah/00000020_5.png,1
uah/11,uah/00000022_2.png,1
uah/11,uah/00000019_4.png,1
uah/11,uah/00000023_2.png,1
uah/11,uah/00000024_5.png,1
uah/11,uah/00000018_4.png,1
uah/11,uah/00000025_4.png,1
uah/12,uah/00000213.png,1
uah/12,uah/00000214_2.png,1
uah/12,uah/00000210_3.png,1
uah/12,uah/00000212_3.png,1
uah/12,uah/00000223_2.png,1
uah/12,uah/00000219_3.png,1
uah/12,uah/00000215_3.png,1
uah/12,uah/00000211_3.png,1
uah/12,uah/00000218_3.png,1
uah/12,uah/00000209_3.png,1
uah/12,uah/00000190_3.png,1
uah/12,uah/00000189_3.png,1
uah/12,uah/00000188_3.png,1
uah/12,uah/00000206_3.png,1
uah/12,uah/00000205_3.png,1
uah/12,uah/00000204_3.png,1
uah/12,uah/00000201_3.png,1
uah/12,uah/00000200_2.png,1
uah/12,uah/00000199_2.png,1
uah/12,uah/00000198_2.png,1
uah/12,uah/00000196_3.png,1
uah/12,uah/00000195_2.png,1
uah/12,uah/00000194_2.png,1
uah/12,uah/00000192_3.png,1
uah/12,uah/00000191_3.png,1
uah/12,uah/00000208_3.png,1
uah/12,uah/00000207_3.png,1
uah/12,uah/00000217_3.png,1
uah/12,uah/00000216_3.png,1
uah/13,uah/00000468.png,1
uah/13,uah/00000467.png,1
uah/13,uah/00000492_4.png,1
uah/13,uah/00000483_2.png,1
uah/13,uah/00000482_3.png,1
uah/13,uah/00000469_4.png,1
uah/13,uah/00000470_4.png,1
uah/13,uah/00000479_4.png,1
uah/13,uah/00000488.png,1
uah/13,uah/00000472_3.png,1
uah/13,uah/00000471_3.png,1
uah/13,uah/00000473_3.png,1
uah/13,uah/00000474_3.png,1
uah/13,uah/00000480_4.png,1
uah/13,uah/00000489_2.png,1
uah/13,uah/00000490_3.png,1
uah/14,uah/00000651.png,1
uah/14,uah/00000650_2.png,1
uah/14,uah/00000653.png,1
uah/14,uah/00000654.png,1
uah/14,uah/00000648_2.png,1
uah/14,uah/00000647_2.png,1
uah/14,uah/00000655_2.png,1
uah/14,uah/00000626.png,1
uah/14,uah/00000652.png,1
uah/14,uah/00000646.png,1
uah/14,uah/00000664_2.png,1
uah/14,uah/00000644.png,1
uah/14,uah/00000643_2.png,1
uah/14,uah/00000642_2.png,1
uah/14,uah/00000641_2.png,1
uah/14,uah/00000640_2.png,1
uah/14,uah/00000639_2.png,1
uah/14,uah/00000638_2.png,1
uah/14,uah/00000635_3.png,1
uah/14,uah/00000635_2.png,1
uah/14,uah/00000627.png,1
uah/14,uah/00000634.png,1
uah/14,uah/00000633_3.png,1
uah/14,uah/00000633_2.png,1
uah/14,uah/00000645.png,1
uah/14,uah/00000656_2.png,1
uah/14,uah/00000628.png,1
uah/14,uah/00000665_2.png,1
uah/14,uah/00000666.png,1
uah/14,uah/00000624.png,1
uah/14,uah/00000625.png,1
uah/15,uah/00000739_2.png,2
uah/15,uah/00000764.png,2
uah/15,uah/00000792.png,2
uah/15,uah/00000749.png,2
uah/15,uah/00000745.png,2
uah/15,uah/00000808.png,2
uah/15,uah/00000743.png,2
uah/15,uah/00000790_2.png,2
uah/15,uah/00000793_2.png,2
uah/15,uah/00000789_2.png,2
uah/15,uah/00000741_2.png,2
uah/15,uah/00000788_2.png,2
uah/15,uah/00000809.png,1
uah/15,uah/00000786_2.png,2
uah/15,uah/00000791_2.png,2
uah/15,uah/00000763.png,2
uah/15,uah/00000761.png,2
uah/15,uah/00000755.png,2
uah/15,uah/00000754.png,2
uah/15,uah/00000756.png,2
uah/15,uah/00000803.png,2
uah/15,uah/00000805.png,2
uah/15,uah/00000757.png,2
uah/15,uah/00000750.png,2
uah/15,uah/00000794.png,2
uah/15,uah/00000758.png,2
uah/15,uah/00000759.png,2
uah/15,uah/00000806.png,2
uah/15,uah/00000801.png,2
uah/15,uah/00000807.png,2
uah/15,uah/00000760.png,2
uah/15,uah/00000800.png,2
uah/15,uah/00000802.png,2
uah/15,uah/00000694.png,2
uah/15,uah/00000766.png,2
uah/15,uah/00000737_2.png,2
uah/15,uah/00000700.png,2
uah/15,uah/00000775.png,2
uah/15,uah/00000782_2.png,2
uah/15,uah/00000691.png,2
uah/15,uah/00000699.png,2
uah/15,uah/00000777.png,2
uah/15,uah/00000698.png,2
uah/15,uah/00000690.png,2
uah/15,uah/00000778.png,2
uah/15,uah/00000697.png,2
uah/15,uah/00000779.png,2
uah/15,uah/00000696.png,2
uah/15,uah/00000781_2.png,2
uah/15,uah/00000695.png,2
uah/15,uah/00000780_2.png,2
uah/15,uah/00000693.png,2
uah/15,uah/00000692.png,2
uah/15,uah/00000689.png,2
uah/15,uah/00000774_2.png,2
uah/15,uah/00000701.png,2
uah/15,uah/00000736.png,2
uah/15,uah/00000735_2.png,2
uah/15,uah/00000734.png,2
uah/15,uah/00000733.png,2
uah/15,uah/00000732.png,2
uah/15,uah/00000731.png,2
uah/15,uah/00000730.png,2
uah/15,uah/00000767.png,2
uah/15,uah/00000768.png,2
uah/15,uah/00000715.png,2
uah/15,uah/00000769_2.png,2
uah/15,uah/00000770_2.png,2
uah/15,uah/00000771_2.png,2
uah/15,uah/00000772_2.png,2
uah/15,uah/00000773_2.png,2
uah/15,uah/00000784_2.png,2
uah/15,uah/00000783_2.png,2
uah/15,uah/00000738_2.png,2
uah/15,uah/00000787_2.png,2
uah/15,uah/00000765.png,2
uah/16,uah/00000218_2.png,1
uah/16,uah/00000194.png,1
uah/16,uah/00000193_2.png,1
uah/16,uah/00000192_2.png,1
uah/16,uah/00000020_3.png,1
uah/16,uah/00000191_2.png,1
uah/16,uah/00000190_2.png,1
uah/16,uah/00000189_2.png,1
uah/16,uah/00000188_2.png,1
uah/16,uah/00000187.png,1
uah/16,uah/00000186_2.png,1
uah/16,uah/00000185.png,1
uah/16,uah/00000184.png,1
uah/16,uah/00000183.png,1
uah/16,uah/00000182.png,1
uah/16,uah/00000181_3.png,1
uah/16,uah/00000195.png,1
uah/16,uah/00000292_3.png,1
uah/16,uah/00000196_2.png,1
uah/16,uah/00000291_2.png,1
uah/16,uah/00000279_2.png,1
uah/16,uah/00000201_2.png,1
uah/16,uah/00000280_2.png,1
uah/16,uah/00000005.png,1
uah/16,uah/00000198.png,1
uah/16,uah/00000281_2.png,1
uah/16,uah/00000282.png,1
uah/16,uah/00000180_2.png,1
uah/16,uah/00000283.png,1
uah/16,uah/00000284.png,1
uah/16,uah/00000285.png,1
uah/16,uah/00000286.png,1
uah/16,uah/00000287.png,1
uah/16,uah/00000288.png,1
uah/16,uah/00000289.png,1
uah/16,uah/00000197_2.png,1
uah/16,uah/00000006_2.png,1
uah/16,uah/00000179_3.png,1
uah/16,uah/00000178_2.png,1
uah/16,uah/00000177_2.png,1
uah/16,uah/00000155.png,1
uah/16,uah/00000154_2.png,1
uah/16,uah/00000148.png,1
uah/16,uah/00000142_2.png,1
uah/16,uah/00000217_2.png,1
uah/16,uah/00000141.png,1
uah/16,uah/00000140.png,1
uah/16,uah/00000156_2.png,1
uah/16,uah/00000139.png,1
uah/16,uah/00000137_2.png,1
uah/16,uah/00000135_2.png,1
uah/16,uah/00000134.png,1
uah/16,uah/00000133.png,1
uah/16,uah/00000132.png,1
uah/16,uah/00000131_2.png,1
uah/16,uah/00000130_2.png,1
uah/16,uah/00000138.png,1
uah/16,uah/00000202_2.png,1
uah/16,uah/00000122_3.png,1
uah/16,uah/00000158.png,1
uah/16,uah/00000176_2.png,1
uah/16,uah/00000175.png,1
uah/16,uah/00000174_2.png,1
uah/16,uah/00000173.png,1
uah/16,uah/00000172_2.png,1
uah/16,uah/00000170_2.png,1
uah/16,uah/00000168.png,1
uah/16,uah/00000157.png,1
uah/16,uah/00000167.png,1
uah/16,uah/00000165.png,1
uah/16,uah/00000164_2.png,1
uah/16,uah/00000163.png,1
uah/16,uah/00000162.png,1
uah/16,uah/00000161.png,1
uah/16,uah/00000160.png,1
uah/16,uah/00000159.png,1
uah/16,uah/00000166.png,1
uah/16,uah/00000278_2.png,1
uah/16,uah/00000129.png,1
uah/16,uah/00000203_2.png,1
uah/16,uah/00000227.png,1
uah/16,uah/00000226.png,1
uah/16,uah/00000225.png,1
uah/16,uah/00000224.png,1
uah/16,uah/00000254.png,1
uah/16,uah/00000212_2.png,1
uah/16,uah/00000223.png,1
uah/16,uah/00000255.png,1
uah/16,uah/00000222.png,1
uah/16,uah/00000260_2.png,1
uah/16,uah/00000256.png,1
uah/16,uah/00000257.png,1
uah/16,uah/00000221.png,1
uah/16,uah/00000220.png,1
uah/16,uah/00000243.png,1
uah/16,uah/00000263.png,1
uah/16,uah/00000259.png,1
uah/16,uah/00000228.png,1
uah/16,uah/00000264.png,1
uah/16,uah/00000229.png,1
uah/16,uah/00000230.png,1
uah/16,uah/00000241.png,1
uah/16,uah/00000244.png,1
uah/16,uah/00000245.png,1
uah/16,uah/00000246.png,1
uah/16,uah/00000240.png,1
uah/16,uah/00000247.png,1
uah/16,uah/00000248.png,1
uah/16,uah/00000249.png,1
uah/16,uah/00000239.png,1
uah/16,uah/00000251.png,1
uah/16,uah/00000262.png,1
uah/16,uah/00000238.png,1
uah/16,uah/00000252.png,1
uah/16,uah/00000253.png,1
uah/16,uah/00000237.png,1
uah/16,uah/00000236.png,1
uah/16,uah/00000232_2.png,1
uah/16,uah/00000261.png,1
uah/16,uah/00000258.png,1
uah/16,uah/00000215_2.png,1
uah/16,uah/00000242.png,1
uah/16,uah/00000271_2.png,1
uah/16,uah/00000265.png,1
uah/16,uah/00000209_2.png,1
uah/16,uah/00000270_2.png,1
uah/16,uah/00000219_2.png,1
uah/16,uah/00000272_2.png,1
uah/16,uah/00000210_2.png,1
uah/16,uah/00000269.png,1
uah/16,uah/00000207_2.png,1
uah/16,uah/00000268.png,1
uah/16,uah/00000274.png,1
uah/16,uah/00000206_2.png,1
uah/16,uah/00000273_2.png,1
uah/16,uah/00000216_2.png,1
uah/16,uah/00000211_2.png,1
uah/16,uah/00000277_2.png,1
uah/16,uah/00000204_2.png,1
uah/16,uah/00000267.png,1
uah/16,uah/00000276_2.png,1
uah/16,uah/00000266_2.png,1
uah/16,uah/00000004_2.png,1
uah/16,uah/00000205_2.png,1
uah/16,uah/00000275_2.png,1
uah/16,uah/00000208_2.png,1
uah/17,uah/00000438_2.png,1
uah/17,uah/00000441_2.png,1
uah/17,uah/00000434_2.png,1
uah/17,uah/00000384.png,1
uah/17,uah/00000437_3.png,1
uah/17,uah/00000391.png,1
uah/17,uah/00000381.png,1
uah/17,uah/00000382.png,1
uah/17,uah/00000385.png,1
uah/17,uah/00000436_2.png,1
uah/17,uah/00000435_2.png,1
uah/17,uah/00000392.png,1
uah/17,uah/00000405_2.png,1
uah/17,uah/00000422.png,1
uah/17,uah/00000404.png,1
uah/17,uah/00000406_2.png,1
uah/17,uah/00000407_2.png,1
uah/17,uah/00000408_2.png,1
uah/17,uah/00000403.png,1
uah/17,uah/00000409_2.png,1
uah/17,uah/00000411.png,1
uah/17,uah/00000402.png,1
uah/17,uah/00000412_2.png,1
uah/17,uah/00000401.png,1
uah/17,uah/00000413.png,1
uah/17,uah/00000414.png,1
uah/17,uah/00000415.png,1
uah/17,uah/00000417_2.png,1
uah/17,uah/00000400.png,1
uah/17,uah/00000399.png,1
uah/17,uah/00000418_2.png,1
uah/17,uah/00000419_2.png,1
uah/17,uah/00000398.png,1
uah/17,uah/00000397.png,1
uah/17,uah/00000396.png,1
uah/17,uah/00000421_2.png,1
uah/17,uah/00000393.png,1
uah/17,uah/00000424.png,1
uah/17,uah/00000395.png,1
uah/17,uah/00000386.png,1
uah/18,uah/00000562_2.png,1
uah/18,uah/00000527_3.png,1
uah/18,uah/00000504_3.png,1
uah/18,uah/00000528_3.png,1
uah/18,uah/00000529_3.png,1
uah/18,uah/00000503_3.png,1
uah/18,uah/00000530_2.png,1
uah/18,uah/00000579_5.png,1
uah/18,uah/00000526_3.png,1
uah/18,uah/00000531.png,1
uah/18,uah/00000533.png,1
uah/18,uah/00000534_2.png,1
uah/18,uah/00000535_2.png,1
uah/18,uah/00000536_2.png,1
uah/18,uah/00000537_2.png,1
uah/18,uah/00000538_2.png,1
uah/18,uah/00000495_2.png,1
uah/18,uah/00000532_2.png,1
uah/18,uah/00000539_3.png,1
uah/18,uah/00000505_3.png,1
uah/18,uah/00000524_3.png,1
uah/18,uah/00000515.png,1
uah/18,uah/00000585_3.png,1
uah/18,uah/00000518.png,1
uah/18,uah/00000584_3.png,1
uah/18,uah/00000511_2.png,1
uah/18,uah/00000510_2.png,1
uah/18,uah/00000519_3.png,1
uah/18,uah/00000525_4.png,1
uah/18,uah/00000509_2.png,1
uah/18,uah/00000521_2.png,1
uah/18,uah/00000582_3.png,1
uah/18,uah/00000508_3.png,1
uah/18,uah/00000581_4.png,1
uah/18,uah/00000522_3.png,1
uah/18,uah/00000580_4.png,1
uah/18,uah/00000523_2.png,1
uah/18,uah/00000583_4.png,1
uah/18,uah/00000494_2.png,1
uah/18,uah/00000540_3.png,1
uah/18,uah/00000493_3.png,1
uah/18,uah/00000572_3.png,1
uah/18,uah/00000557_5.png,1
uah/18,uah/00000571_3.png,1
uah/18,uah/00000473_4.png,1
uah/18,uah/00000570_3.png,1
uah/18,uah/00000569_3.png,1
uah/18,uah/00000558_4.png,1
uah/18,uah/00000474_4.png,1
uah/18,uah/00000559_4.png,1
uah/18,uah/00000472_4.png,1
uah/18,uah/00000567_4.png,1
uah/18,uah/00000566_4.png,1
uah/18,uah/00000560_4.png,1
uah/18,uah/00000565_3.png,1
uah/18,uah/00000561_4.png,1
uah/18,uah/00000563_4.png,1
uah/18,uah/00000568_4.png,1
uah/18,uah/00000586_3.png,1
uah/18,uah/00000475_3.png,1
uah/18,uah/00000555_5.png,1
uah/18,uah/00000541_3.png,1
uah/18,uah/00000542_4.png,1
uah/18,uah/00000492_3.png,1
uah/18,uah/00000545_5.png,1
uah/18,uah/00000546_5.png,1
uah/18,uah/00000547_4.png,1
uah/18,uah/00000578_4.png,1
uah/18,uah/00000548_4.png,1
uah/18,uah/00000577_3.png,1
uah/18,uah/00000549_4.png,1
uah/18,uah/00000576_4.png,1
uah/18,uah/00000550_4.png,1
uah/18,uah/00000551_5.png,1
uah/18,uah/00000552_5.png,1
uah/18,uah/00000553_5.png,1
uah/18,uah/00000554_4.png,1
uah/18,uah/00000476_3.png,1
uah/18,uah/00000471_4.png,1
uah/18,uah/00000556_5.png,1
uah/18,uah/00000608_2.png,1
uah/18,uah/00000597_2.png,1
uah/18,uah/00000517_3.png,1
uah/18,uah/00000607_3.png,1
uah/18,uah/00000604_3.png,1
uah/18,uah/00000602_2.png,1
uah/18,uah/00000601_2.png,1
uah/18,uah/00000600_3.png,1
uah/18,uah/00000599_3.png,1
uah/18,uah/00000598_3.png,1
uah/18,uah/00000596_3.png,1
uah/18,uah/00000595_3.png,1
uah/18,uah/00000594_3.png,1
uah/18,uah/00000593_4.png,1
uah/18,uah/00000609_2.png,1
uah/18,uah/00000591_3.png,1
uah/18,uah/00000587_2.png,1
uah/18,uah/00000590_3.png,1
uah/18,uah/00000589_2.png,1
uah/18,uah/00000588_2.png,1
uah/19,uah/00000664_3.png,1
uah/19,uah/00000690_2.png,1
uah/19,uah/00000689_2.png,1
uah/19,uah/00000654_2.png,1
uah/19,uah/00000688.png,1
uah/19,uah/00000686.png,1
uah/19,uah/00000685.png,1
uah/19,uah/00000681.png,1
uah/19,uah/00000790_3.png,1
uah/19,uah/00000680.png,1
uah/19,uah/00000677.png,1
uah/19,uah/00000675.png,1
uah/19,uah/00000791_3.png,1
uah/19,uah/00000659_2.png,1
uah/19,uah/00000660.png,1
uah/19,uah/00000674.png,1
uah/19,uah/00000661_2.png,1
uah/19,uah/00000691_2.png,1
uah/19,uah/00000662_2.png,1
uah/19,uah/00000673.png,1
uah/19,uah/00000663_2.png,1
uah/19,uah/00000665_3.png,1
uah/19,uah/00000676.png,1
uah/19,uah/00000679.png,1
uah/19,uah/00000700_5.png,1
uah/19,uah/00000694_4.png,1
uah/19,uah/00000748.png,1
uah/19,uah/00000743_3.png,1
uah/19,uah/00000750_2.png,1
uah/19,uah/00000742_3.png,1
uah/19,uah/00000741_4.png,1
uah/19,uah/00000765_2.png,1
uah/19,uah/00000708_3.png,1
uah/19,uah/00000707_2.png,1
uah/19,uah/00000706_2.png,1
uah/19,uah/00000705_3.png,1
uah/19,uah/00000751.png,1
uah/19,uah/00000704_3.png,1
uah/19,uah/00000752.png,1
uah/19,uah/00000703_3.png,1
uah/19,uah/00000702_4.png,1
uah/19,uah/00000701_4.png,1
uah/19,uah/00000653_2.png,1
uah/19,uah/00000699_5.png,1
uah/19,uah/00000698_5.png,1
uah/19,uah/00000697_5.png,1
uah/19,uah/00000695_5.png,1
uah/19,uah/00000692_3.png,1
uah/19,uah/00000789_3.png,1
uah/19,uah/00000749_2.png,1
uah/19,uah/00000642_3.png,1
uah/19,uah/00000761_2.png,1
uah/19,uah/00000762.png,1
uah/19,uah/00000646_2.png,1
uah/19,uah/00000647_3.png,1
uah/19,uah/00000788_3.png,1
uah/19,uah/00000756_2.png,1
uah/19,uah/00000643_3.png,1
uah/19,uah/00000763_2.png,1
uah/19,uah/00000764_2.png,1
uah/19,uah/00000753.png,1
uah/19,uah/00000641_3.png,1
uah/19,uah/00000757_2.png,1
uah/19,uah/00000755_2.png,1
uah/20,uah/00001156.png,2
uah/20,uah/00001126.png,2
uah/20,uah/00001158.png,2
uah/20,uah/00001157.png,2
uah/20,uah/00001154.png,2
uah/20,uah/00001149.png,2
uah/20,uah/00001152.png,2
uah/20,uah/00001151.png,2
uah/20,uah/00001150.png,2
uah/20,uah/00001148.png,2
uah/20,uah/00001147.png,2
uah/20,uah/00001146.png,2
uah/20,uah/00001144.png,2
uah/20,uah/00001153.png,2
uah/20,uah/00001159.png,2
uah/20,uah/00001166.png,2
uah/20,uah/00001161.png,2
uah/20,uah/00001183_2.png,2
uah/20,uah/00001182.png,2
uah/20,uah/00001181.png,2
uah/20,uah/00001180.png,2
uah/20,uah/00001179.png,2
uah/20,uah/00001178.png,2
uah/20,uah/00001176.png,2
uah/20,uah/00001175.png,2
uah/20,uah/00001174.png,2
uah/20,uah/00001173_2.png,2
uah/20,uah/00001172.png,2
uah/20,uah/00001171.png,2
uah/20,uah/00001170.png,2
uah/20,uah/00001169.png,2
uah/20,uah/00001167.png,2
uah/20,uah/00001143.png,2
uah/20,uah/00001165.png,2
uah/20,uah/00001160.png,2
uah/20,uah/00001142.png,2
uah/20,uah/00001145.png,2
uah/20,uah/00001138.png,2
uah/20,uah/00001134.png,2
uah/20,uah/00001130.png,2
uah/20,uah/00001129.png,2
uah/20,uah/00001136.png,2
uah/20,uah/00001137.png,2
uah/20,uah/00001128.png,2
uah/20,uah/00001127.png,2
uah/20,uah/00001135.png,2
uah/20,uah/00001139.png,2
uah/20,uah/00001131.png,2
uah/20,uah/00001140.png,2
uah/20,uah/00001133.png,2
uah/20,uah/00001132.png,2
uah/20,uah/00001141.png,2
uah/21,uah/00000577.png,1
uah/21,uah/00000616_3.png,1
uah/21,uah/00000591_2.png,1
uah/21,uah/00000592_2.png,1
uah/21,uah/00000618_3.png,1
uah/21,uah/00000593_3.png,1
uah/21,uah/00000619_3.png,1
uah/21,uah/00000617_3.png,1
uah/21,uah/00000551_3.png,1
uah/21,uah/00000576_2.png,1
uah/21,uah/00000621_2.png,1
uah/21,uah/00000594_2.png,1
uah/21,uah/00000575.png,1
uah/21,uah/00000583_3.png,1
uah/21,uah/00000574_2.png,1
uah/21,uah/00000590_2.png,1
uah/21,uah/00000589.png,1
uah/21,uah/00000584_2.png,1
uah/21,uah/00000588.png,1
uah/21,uah/00000585_2.png,1
uah/21,uah/00000620_2.png,1
uah/21,uah/00000587.png,1
uah/21,uah/00000613_2.png,1
uah/21,uah/00000580_2.png,1
uah/21,uah/00000550_2.png,1
uah/21,uah/00000608.png,1
uah/21,uah/00000549_2.png,1
uah/21,uah/00000553_3.png,1
uah/21,uah/00000548_2.png,1
uah/21,uah/00000547_2.png,1
uah/21,uah/00000554_2.png,1
uah/21,uah/00000555_3.png,1
uah/21,uah/00000609.png,1
uah/21,uah/00000607_2.png,1
uah/21,uah/00000556_3.png,1
uah/21,uah/00000545_3.png,1
uah/21,uah/00000544_3.png,1
uah/21,uah/00000606_2.png,1
uah/21,uah/00000543_3.png,1
uah/21,uah/00000610.png,1
uah/21,uah/00000605_2.png,1
uah/21,uah/00000611.png,1
uah/21,uah/00000557_3.png,1
uah/21,uah/00000579_3.png,1
uah/21,uah/00000612_2.png,1
uah/21,uah/00000604_2.png,1
uah/21,uah/00000552_3.png,1
uah/21,uah/00000614_3.png,1
uah/21,uah/00000603_2.png,1
uah/21,uah/00000615_3.png,1
uah/21,uah/00000586_2.png,1
uah/21,uah/00000546_3.png,1
uah/22,uah/00000843_2.png,1
uah/22,uah/00000849_2.png,1
uah/22,uah/00000878.png,1
uah/22,uah/00000865.png,1
uah/22,uah/00000877.png,1
uah/22,uah/00000866.png,1
uah/22,uah/00000852_2.png,1
uah/22,uah/00000876.png,1
uah/22,uah/00000846_2.png,1
uah/22,uah/00000867.png,1
uah/22,uah/00000871.png,1
uah/22,uah/00000851_2.png,1
uah/22,uah/00000847_2.png,1
uah/22,uah/00000872.png,1
uah/22,uah/00000873.png,1
uah/22,uah/00000848.png,1
uah/22,uah/00000874.png,1
uah/22,uah/00000870.png,1
uah/22,uah/00000841.png,1
uah/22,uah/00000863.png,1
uah/22,uah/00000879.png,1
uah/22,uah/00000844_2.png,1
uah/22,uah/00000883.png,1
uah/22,uah/00000856_2.png,1
uah/22,uah/00000882.png,1
uah/22,uah/00000881.png,1
uah/22,uah/00000854_2.png,1
uah/22,uah/00000842.png,1
uah/22,uah/00000880.png,1
uah/22,uah/00000845_2.png,1
uah/22,uah/00000857_2.png,1
uah/22,uah/00000858.png,1
uah/22,uah/00000859.png,1
uah/22,uah/00000860.png,1
uah/22,uah/00000861.png,1
uah/22,uah/00000853_2.png,1
uah/22,uah/00000862.png,1
uah/22,uah/00000855_2.png,1
uah/22,uah/00000850_2.png,1
uah/22,uah/00000875.png,1
uah/23,uah/00000129_2.png,1
uah/23,uah/00000067.png,1
uah/23,uah/00000068.png,1
uah/23,uah/00000123_2.png,1
uah/23,uah/00000102.png,1
uah/23,uah/00000104.png,1
uah/23,uah/00000105.png,1
uah/23,uah/00000114.png,1
uah/23,uah/00000122_2.png,1
uah/23,uah/00000115_2.png,1
uah/23,uah/00000121_2.png,1
uah/23,uah/00000116_2.png,1
uah/23,uah/00000117_2.png,1
uah/23,uah/00000120_2.png,1
uah/23,uah/00000118_2.png,1
uah/23,uah/00000125_2.png,1
uah/23,uah/00000066.png,1
uah/23,uah/00000124_2.png,1
uah/23,uah/00000119_2.png,1
uah/23,uah/00000126_2.png,1
uah/23,uah/00000128.png,1
uah/23,uah/00000130_3.png,1
uah/23,uah/00000127_2.png,1
uah/24,uah/00000355.png,1
uah/24,uah/00000353.png,1
uah/24,uah/00000356.png,1
uah/24,uah/00000352.png,1
uah/24,uah/00000357.png,1
uah/24,uah/00000351.png,1
uah/24,uah/00000358.png,1
uah/24,uah/00000350.png,1
uah/24,uah/00000354.png,1
uah/24,uah/00000359.png,1
uah/24,uah/00000360.png,1
uah/24,uah/00000370.png,1
uah/24,uah/00000361.png,1
uah/24,uah/00000362.png,1
uah/24,uah/00000371.png,1
uah/24,uah/00000363.png,1
uah/24,uah/00000366.png,1
uah/24,uah/00000372.png,1
uah/24,uah/00000368.png,1
uah/24,uah/00000349.png,1
uah/24,uah/00000369.png,1
uah/24,uah/00000373.png,1
uah/24,uah/00000348.png,1
uah/24,uah/00000374.png,1
uah/25,uah/00000507.png,1
uah/25,uah/00000480_2.png,2
uah/25,uah/00000524_2.png,1
uah/25,uah/00000508.png,1
uah/25,uah/00000479_2.png,2
uah/25,uah/00000520.png,1
uah/25,uah/00000478_2.png,2
uah/25,uah/00000477.png,2
uah/25,uah/00000522_2.png,1
uah/25,uah/00000519.png,1
uah/25,uah/00000476.png,1
uah/25,uah/00000521.png,1
uah/25,uah/00000523.png,1
uah/25,uah/00000509.png,1
uah/25,uah/00000493_2.png,1
uah/25,uah/00000502.png,1
uah/25,uah/00000494.png,1
uah/25,uah/00000492_2.png,1
uah/25,uah/00000495.png,1
uah/25,uah/00000491_2.png,1
uah/25,uah/00000496.png,1
uah/25,uah/00000498_2.png,1
uah/25,uah/00000499_2.png,1
uah/25,uah/00000500.png,1
uah/25,uah/00000501.png,1
uah/25,uah/00000506.png,1
uah/25,uah/00000503_2.png,1
uah/25,uah/00000530.png,1
uah/25,uah/00000529_2.png,1
uah/25,uah/00000504_2.png,1
uah/25,uah/00000525_3.png,1
uah/25,uah/00000481.png,1
uah/25,uah/00000528_2.png,1
uah/25,uah/00000526_2.png,1
uah/25,uah/00000505_2.png,1
uah/25,uah/00000527_2.png,1
uah/25,uah/00000482_2.png,1
uah/26,uah/00000573.png,1
uah/26,uah/00000563.png,1
uah/26,uah/00000563_2.png,1
uah/26,uah/00000564.png,1
uah/26,uah/00000564_2.png,1
uah/26,uah/00000565.png,1
uah/26,uah/00000566.png,1
uah/26,uah/00000581.png,1
uah/26,uah/00000578.png,1
uah/26,uah/00000572.png,1
uah/26,uah/00000568.png,1
uah/26,uah/00000569.png,1
uah/26,uah/00000570.png,1
uah/26,uah/00000582.png,1
uah/26,uah/00000517.png,1
uah/26,uah/00000583.png,1
uah/26,uah/00000571.png,1
uah/26,uah/00000576.png,1
uah/26,uah/00000574.png,1
uah/26,uah/00000567.png,1
uah/26,uah/00000579.png,1
uah/26,uah/00000557.png,1
uah/26,uah/00000561.png,1
uah/26,uah/00000555.png,1
uah/26,uah/00000554.png,1
uah/26,uah/00000553_2.png,1
uah/26,uah/00000553.png,1
uah/26,uah/00000552_2.png,1
uah/26,uah/00000552.png,1
uah/26,uah/00000551.png,1
uah/26,uah/00000550.png,1
uah/26,uah/00000549.png,1
uah/26,uah/00000548.png,1
uah/26,uah/00000547.png,1
uah/26,uah/00000546.png,1
uah/26,uah/00000545.png,1
uah/26,uah/00000555_2.png,1
uah/26,uah/00000544.png,1
uah/26,uah/00000541.png,1
uah/26,uah/00000540.png,1
uah/26,uah/00000539.png,1
uah/26,uah/00000561_2.png,1
uah/26,uah/00000535.png,1
uah/26,uah/00000534.png,1
uah/26,uah/00000516.png,1
uah/26,uah/00000522.png,1
uah/26,uah/00000529.png,1
uah/26,uah/00000528.png,1
uah/26,uah/00000524.png,1
uah/26,uah/00000525.png,1
uah/26,uah/00000526.png,1
uah/26,uah/00000542.png,1
uah/26,uah/00000556.png,1
uah/26,uah/00000543.png,1
uah/26,uah/00000527.png,1
uah/26,uah/00000558_2.png,1
uah/26,uah/00000556_2.png,1
uah/26,uah/00000559.png,1
uah/26,uah/00000558.png,1
uah/26,uah/00000559_2.png,1
uah/26,uah/00000560_2.png,1
uah/26,uah/00000557_2.png,1
uah/26,uah/00000560.png,1
uah/27,uah/00000648.png,1
uah/27,uah/00000642.png,1
uah/27,uah/00000643.png,1
uah/27,uah/00000641.png,1
uah/27,uah/00000640.png,1
uah/27,uah/00000647.png,1
uah/27,uah/00000614.png,1
uah/27,uah/00000639.png,1
uah/27,uah/00000615.png,1
uah/27,uah/00000665.png,1
uah/27,uah/00000616.png,1
uah/27,uah/00000636.png,1
uah/27,uah/00000617.png,1
uah/27,uah/00000663.png,1
uah/27,uah/00000618.png,1
uah/27,uah/00000662.png,1
uah/27,uah/00000664.png,1
uah/27,uah/00000661.png,1
uah/27,uah/00000649.png,1
uah/27,uah/00000635.png,1
uah/27,uah/00000650.png,1
uah/27,uah/00000633.png,1
uah/27,uah/00000619.png,1
uah/27,uah/00000655.png,1
uah/27,uah/00000656.png,1
uah/27,uah/00000637.png,1
uah/27,uah/00000632.png,1
uah/27,uah/00000658.png,1
uah/27,uah/00000659.png,1
uah/27,uah/00000620.png,1
uah/27,uah/00000638.png,1
uah/27,uah/00000657.png,1
uah/27,uah/00000621.png,1
uah/28,uah/00000793.png,1
uah/28,uah/00000771.png,1
uah/28,uah/00000772.png,1
uah/28,uah/00000773.png,1
uah/28,uah/00000774.png,1
uah/28,uah/00000780.png,1
uah/28,uah/00000782.png,1
uah/28,uah/00000783.png,1
uah/28,uah/00000784.png,1
uah/28,uah/00000785.png,1
uah/28,uah/00000786.png,1
uah/28,uah/00000781.png,1
uah/28,uah/00000770.png,1
uah/28,uah/00000790.png,1
uah/28,uah/00000789.png,1
uah/28,uah/00000719.png,1
uah/28,uah/00000737.png,1
uah/28,uah/00000721.png,1
uah/28,uah/00000738.png,1
uah/28,uah/00000718.png,1
uah/28,uah/00000722.png,1
uah/28,uah/00000723.png,1
uah/28,uah/00000724.png,1
uah/28,uah/00000769.png,1
uah/28,uah/00000742.png,1
uah/28,uah/00000720.png,1
uah/28,uah/00000725.png,1
uah/28,uah/00000726.png,1
uah/28,uah/00000787.png,1
uah/28,uah/00000735.png,1
uah/28,uah/00000740.png,1
uah/28,uah/00000791.png,1
uah/28,uah/00000739.png,1
uah/28,uah/00000741.png,1
uah/28,uah/00000728.png,1
uah/28,uah/00000788.png,1
uah/28,uah/00000744.png,1
uah/28,uah/00000727.png,1
uah/29,uah/00000967.png,1
uah/29,uah/00000996.png,1
uah/29,uah/00000958.png,1
uah/29,uah/00000966.png,1
uah/29,uah/00000986.png,1
uah/29,uah/00000965.png,1
uah/29,uah/00000991.png,1
uah/29,uah/00000992.png,1
uah/29,uah/00000964.png,1
uah/29,uah/00000968.png,1
uah/29,uah/00001002_2.png,1
uah/29,uah/00000998.png,1
uah/29,uah/00000969.png,1
uah/29,uah/00000994.png,1
uah/29,uah/00000943.png,1
uah/29,uah/00000997.png,1
uah/29,uah/00000961.png,1
uah/29,uah/00000949.png,1
uah/29,uah/00000948.png,1
uah/29,uah/00000944.png,1
uah/29,uah/00000963.png,1
uah/29,uah/00000999.png,1
uah/29,uah/00000962.png,1
uah/29,uah/00000939.png,1
uah/29,uah/00000938.png,1
uah/29,uah/00001000.png,1
uah/29,uah/00000937.png,1
uah/29,uah/00000954.png,1
uah/29,uah/00000936.png,1
uah/29,uah/00000993.png,1
uah/29,uah/00000952.png,1
uah/29,uah/00000935.png,1
uah/29,uah/00000957.png,1
uah/29,uah/00000960.png,1
uah/29,uah/00001001.png,1
uah/29,uah/00000959.png,1
uah/29,uah/00000951.png,1
uah/29,uah/00000950.png,1
uah/30,uah/00000008.png,1
uah/30,uah/00000033_4.png,1
uah/30,uah/00000039_5.png,1
uah/30,uah/00000001_2.png,1
uah/30,uah/00000005_5.png,1
uah/30,uah/00000007_2.png,1
uah/30,uah/00000038_6.png,1
uah/30,uah/00000006.png,1
uah/30,uah/00000040_5.png,1
uah/30,uah/00000017_2.png,1
uah/30,uah/00000012_2.png,1
uah/30,uah/00000042_4.png,1
uah/30,uah/00000018_2.png,1
uah/30,uah/00000019_2.png,1
uah/30,uah/00000016_2.png,1
uah/30,uah/00000020_2.png,1
uah/30,uah/00000021_2.png,1
uah/30,uah/00000015_2.png,1
uah/30,uah/00000024_8.png,1
uah/30,uah/00000003_4.png,1
uah/30,uah/00000026_6.png,1
uah/30,uah/00000041_3.png,1
uah/30,uah/00000319.png,1
uah/30,uah/00000027_4.png,1
uah/30,uah/00000321_2.png,1
uah/30,uah/00000014_2.png,1
uah/30,uah/00000013_2.png,1
uah/30,uah/00000044_3.png,1
uah/30,uah/00000004_4.png,1
uah/30,uah/00000043_4.png,1
uah/30,uah/00000002.png,1
uah/30,uah/00000011_2.png,1
uah/30,uah/00000010_2.png,1
uah/30,uah/00000009_2.png,1
uah/30,uah/00000320.png,1
uah/31,uah/00000026.png,1
uah/31,uah/00000025.png,1
uah/31,uah/00000038.png,1
uah/31,uah/00000024.png,1
uah/31,uah/00000042.png,1
uah/31,uah/00000047.png,1
uah/31,uah/00000050.png,1
uah/31,uah/00000044.png,1
uah/31,uah/00000046.png,1
uah/31,uah/00000040.png,1
uah/31,uah/00000048.png,1
uah/31,uah/00000045.png,1
uah/31,uah/00000039.png,1
uah/31,uah/00000043.png,1
uah/31,uah/00000049.png,1
uah/32,uah/00000322.png,2
uah/32,uah/00000309.png,2
uah/32,uah/00000310.png,2
uah/32,uah/00000311.png,2
uah/32,uah/00000313.png,2
uah/32,uah/00000312.png,2
uah/32,uah/00000330.png,2
uah/32,uah/00000342.png,2
uah/32,uah/00000341.png,2
uah/32,uah/00000337.png,2
uah/32,uah/00000336.png,2
uah/32,uah/00000334.png,2
uah/32,uah/00000314.png,2
uah/32,uah/00000308.png,2
uah/32,uah/00000298.png,2
uah/32,uah/00000333.png,2
uah/32,uah/00000325.png,2
uah/32,uah/00000320_2.png,2
uah/32,uah/00000319_2.png,2
uah/32,uah/00000326.png,2
uah/32,uah/00000318.png,2
uah/32,uah/00000327.png,2
uah/32,uah/00000317.png,2
uah/32,uah/00000315.png,2
uah/32,uah/00000328.png,2
uah/32,uah/00000290.png,2
uah/32,uah/00000329.png,2
uah/32,uah/00000292.png,2
uah/32,uah/00000293.png,2
uah/32,uah/00000296.png,2
uah/32,uah/00000297.png,2
uah/32,uah/00000316.png,2
uah/32,uah/00000332.png,2
uah/33,uah/00000026_2.png,1
uah/33,uah/00000029.png,1
uah/33,uah/00000020.png,1
uah/33,uah/00000030.png,1
uah/33,uah/00000003.png,1
uah/33,uah/00000004.png,1
uah/33,uah/00000007.png,1
uah/33,uah/00000009.png,1
uah/33,uah/00000010.png,1
uah/33,uah/00000011.png,1
uah/33,uah/00000012.png,1
uah/33,uah/00000025_2.png,1
uah/33,uah/00000013.png,1
uah/33,uah/00000015.png,1
uah/33,uah/00000016.png,1
uah/33,uah/00000017.png,1
uah/33,uah/00000018.png,1
uah/33,uah/00000019.png,1
uah/33,uah/00000021.png,1
uah/33,uah/00000022.png,1
uah/33,uah/00000014.png,1
uah/33,uah/00000024_2.png,1
uah/33,uah/00000033.png,1
uah/33,uah/00000031.png,1
uah/33,uah/00000036.png,1
uah/33,uah/00000035.png,1
uah/33,uah/00000032.png,1
uah/34,uah/00000039_2.png,1
uah/34,uah/00000040_2.png,1
uah/34,uah/00000016_3.png,1
uah/34,uah/00000045_2.png,1
uah/34,uah/00000038_2.png,1
uah/34,uah/00000017_3.png,1
uah/34,uah/00000055.png,1
uah/34,uah/00000051.png,1
uah/34,uah/00000001_3.png,1
uah/34,uah/00000052.png,1
uah/34,uah/00000002_2.png,1
uah/35,uah/00000743_2.png,1
uah/35,uah/00000721_2.png,1
uah/35,uah/00000699_2.png,1
uah/35,uah/00000698_2.png,1
uah/35,uah/00000701_2.png,1
uah/35,uah/00000732_2.png,1
uah/35,uah/00000733_2.png,1
uah/35,uah/00000697_2.png,1
uah/35,uah/00000744_2.png,1
uah/35,uah/00000734_2.png,1
uah/35,uah/00000735_3.png,1
uah/35,uah/00000694_2.png,1
uah/35,uah/00000742_2.png,1
uah/35,uah/00000741_3.png,1
uah/35,uah/00000695_2.png,1
uah/35,uah/00000702.png,1
uah/35,uah/00000739_3.png,1
uah/35,uah/00000740_2.png,1
uah/35,uah/00000737_3.png,1
uah/35,uah/00000700_2.png,1
uah/35,uah/00000736_2.png,1
uah/35,uah/00000738_3.png,1
uah/35,uah/00000696_2.png,1
uah/36,uah/00000844.png,2
uah/36,uah/00000849.png,2
uah/36,uah/00000843.png,2
uah/36,uah/00000847.png,2
uah/36,uah/00000850.png,2
uah/36,uah/00000832.png,2
uah/36,uah/00000845.png,2
uah/36,uah/00000856.png,2
uah/36,uah/00000855.png,2
uah/36,uah/00000857.png,2
uah/36,uah/00000851.png,2
uah/36,uah/00000854.png,2
uah/36,uah/00000825.png,2
uah/36,uah/00000826.png,2
uah/36,uah/00000829.png,2
uah/36,uah/00000827.png,2
uah/36,uah/00000853.png,2
uah/36,uah/00000831.png,2
uah/36,uah/00000828.png,2
uah/36,uah/00000830.png,2
uah/36,uah/00000846.png,2
uah/36,uah/00000852.png,2
uah/37,uah/00000894.png,2
uah/37,uah/00000893.png,2
uah/37,uah/00000911.png,2
uah/37,uah/00000892.png,2
uah/37,uah/00000891.png,2
uah/37,uah/00000908.png,2
uah/37,uah/00000890.png,2
uah/37,uah/00000889.png,2
uah/37,uah/00000888.png,2
uah/37,uah/00000887.png,2
uah/37,uah/00000910.png,2
uah/37,uah/00000909.png,2
uah/37,uah/00000924.png,2
uah/37,uah/00000907.png,2
uah/37,uah/00000897.png,2
uah/37,uah/00000900.png,2
uah/37,uah/00000936_2.png,2
uah/37,uah/00000933.png,2
uah/37,uah/00000928.png,2
uah/37,uah/00000906.png,2
uah/37,uah/00000903.png,2
uah/37,uah/00000930.png,2
uah/37,uah/00000931.png,2
uah/37,uah/00000921.png,2
uah/37,uah/00000904.png,2
uah/37,uah/00000932.png,2
uah/37,uah/00000935_2.png,2
uah/37,uah/00000914.png,2
uah/37,uah/00000899.png,2
uah/37,uah/00000918.png,2
uah/37,uah/00000915.png,2
uah/37,uah/00000917.png,2
uah/37,uah/00000898.png,2
uah/37,uah/00000916.png,2
uah/37,uah/00000919.png,2
uah/37,uah/00000937_2.png,2
uah/37,uah/00000926.png,2
uah/37,uah/00000913.png,2
uah/37,uah/00000941.png,2
uah/37,uah/00000925.png,2
uah/37,uah/00000896.png,2
uah/37,uah/00000939_2.png,2
uah/37,uah/00000901.png,2
uah/37,uah/00000942.png,2
uah/37,uah/00000943_2.png,2
uah/37,uah/00000922.png,2
uah/37,uah/00000895.png,2
uah/37,uah/00000923.png,2
uah/37,uah/00000902.png,2
uah/37,uah/00000938_2.png,2
uah/38,uah/00000965_2.png,1
uah/38,uah/00000990.png,1
uah/38,uah/00000982.png,1
uah/38,uah/00000993_2.png,1
uah/38,uah/00000981.png,1
uah/38,uah/00000997_2.png,1
uah/38,uah/00001003.png,1
uah/38,uah/00000983.png,1
uah/38,uah/00000989.png,1
uah/38,uah/00000985.png,1
uah/38,uah/00000962_2.png,1
uah/38,uah/00000959_2.png,1
uah/38,uah/00000988.png,1
uah/38,uah/00001002.png,1
uah/38,uah/00000987.png,1
uah/38,uah/00000958_2.png,1
uah/38,uah/00000984.png,1
uah/38,uah/00000986_2.png,1
uah/38,uah/00000963_2.png,1
uah/38,uah/00001001_2.png,1
uah/38,uah/00000957_2.png,1
uah/38,uah/00000976.png,1
uah/38,uah/00000992_2.png,1
uah/38,uah/00000961_2.png,1
uah/38,uah/00000991_2.png,1
uah/38,uah/00000964_2.png,1
uah/38,uah/00000995.png,1
uah/38,uah/00000956.png,1
uah/38,uah/00000977.png,1
uah/38,uah/00000980.png,1
uah/38,uah/00000954_2.png,1
uah/38,uah/00000998_2.png,1
uah/38,uah/00000966_2.png,1
uah/38,uah/00001000_2.png,1
uah/38,uah/00000953.png,1
uah/38,uah/00000952_2.png,1
uah/38,uah/00000996_2.png,1
uah/38,uah/00000951_2.png,1
uah/38,uah/00000955.png,1
uah/38,uah/00000946_3.png,2
uah/38,uah/00000978.png,1
uah/38,uah/00000999_2.png,1
uah/38,uah/00000979.png,1
uah/38,uah/00000949_2.png,2
uah/39,uah/00001043.png,2
uah/39,uah/00001035.png,2
uah/39,uah/00001027.png,2
uah/39,uah/00001032.png,2
uah/39,uah/00001029.png,2
uah/39,uah/00001025.png,2
uah/39,uah/00001041.png,2
uah/39,uah/00001030.png,2
uah/39,uah/00001026.png,2
uah/39,uah/00001045.png,2
uah/39,uah/00001031.png,2
uah/39,uah/00001046.png,2
uah/39,uah/00001047.png,2
uah/39,uah/00001034.png,2
uah/39,uah/00001044.png,2
uah/39,uah/00001028.png,2
uah/39,uah/00001042.png,2
uah/40,uah/00001069.png,2
uah/40,uah/00001067.png,2
uah/40,uah/00001101.png,2
uah/40,uah/00001066.png,2
uah/40,uah/00001095.png,2
uah/40,uah/00001072.png,2
uah/40,uah/00001098.png,2
uah/40,uah/00001068.png,2
uah/40,uah/00001100.png,2
uah/40,uah/00001097.png,2
uah/40,uah/00001096.png,2
uah/40,uah/00001073.png,2
uah/40,uah/00001094.png,2
uah/41,uah/00001215.png,2
uah/41,uah/00001221.png,2
uah/41,uah/00001214.png,2
uah/41,uah/00001209.png,2
uah/41,uah/00001222.png,2
uah/41,uah/00001173.png,2
uah/41,uah/00001236.png,2
uah/41,uah/00001223.png,2
uah/41,uah/00001235.png,2
uah/41,uah/00001224.png,2
uah/41,uah/00001191.png,2
uah/41,uah/00001232.png,2
uah/41,uah/00001225.png,2
uah/41,uah/00001204.png,2
uah/41,uah/00001226.png,2
uah/41,uah/00001203.png,2
uah/41,uah/00001227.png,2
uah/41,uah/00001202.png,2
uah/41,uah/00001233.png,2
uah/41,uah/00001201.png,2
uah/41,uah/00001228.png,2
uah/41,uah/00001200.png,2
uah/41,uah/00001231.png,2
uah/41,uah/00001234.png,2
uah/41,uah/00001206.png,2
uah/41,uah/00001238.png,2
uah/41,uah/00001237.png,2
uah/42,uah/00000125.png,1
uah/42,uah/00000135.png,1
uah/42,uah/00000137.png,1
uah/42,uah/00000127.png,1
uah/42,uah/00000126.png,1
uah/42,uah/00000124.png,1
uah/42,uah/00000123.png,1
uah/42,uah/00000122.png,1
uah/42,uah/00000121.png,1
uah/42,uah/00000120.png,1
uah/42,uah/00000119.png,1
uah/42,uah/00000118.png,1
uah/42,uah/00000117.png,1
uah/42,uah/00000116.png,1
uah/42,uah/00000115.png,1
uah/42,uah/00000130.png,1
uah/42,uah/00000131.png,1
uah/43,uah/00000486.png,2
uah/43,uah/00000485.png,2
uah/43,uah/00000469_2.png,2
uah/43,uah/00000470_2.png,2
uah/43,uah/00000471.png,2
uah/43,uah/00000472.png,2
uah/43,uah/00000484.png,2
uah/43,uah/00000460.png,2
uah/43,uah/00000473.png,2
uah/43,uah/00000474.png,2
uah/43,uah/00000475.png,2
uah/43,uah/00000480.png,2
uah/43,uah/00000461.png,2
uah/43,uah/00000489.png,1
uah/43,uah/00000482.png,2
uah/43,uah/00000490_2.png,1
uah/43,uah/00000491.png,1
uah/43,uah/00000503.png,2
uah/43,uah/00000504.png,2
uah/43,uah/00000505.png,2
uah/43,uah/00000487_2.png,2
uah/43,uah/00000483.png,2
uah/44,uah/00000021_3.png,1
uah/44,uah/00000023.png,1
uah/44,uah/00000035_2.png,1
uah/44,uah/00000029_2.png,1
uah/44,uah/00000028.png,1
uah/44,uah/00000024_4.png,1
uah/44,uah/00000034.png,1
uah/44,uah/00000037.png,1
uah/44,uah/00000019_3.png,1
uah/44,uah/00000003_2.png,1
uah/44,uah/00000005_2.png,1
uah/44,uah/00000039_3.png,1
uah/44,uah/00000036_2.png,1
uah/44,uah/00000007_3.png,1
uah/44,uah/00000008_2.png,1
uah/44,uah/00000009_3.png,1
uah/44,uah/00000020_4.png,1
uah/44,uah/00000010_3.png,1
uah/44,uah/00000012_3.png,1
uah/44,uah/00000038_3.png,1
uah/44,uah/00000013_3.png,1
uah/44,uah/00000015_3.png,1
uah/44,uah/00000016_4.png,1
uah/44,uah/00000017_4.png,1
uah/44,uah/00000025_3.png,1
uah/44,uah/00000018_3.png,1
uah/44,uah/00000011_3.png,1
uah/45,uah/00000187_2.png,1
uah/45,uah/00000186_3.png,1
uah/45,uah/00000184_2.png,1
uah/45,uah/00000185_2.png,1
uah/45,uah/00000150.png,1
uah/45,uah/00000151.png,1
uah/45,uah/00000152_2.png,1
uah/45,uah/00000153_2.png,1
uah/45,uah/00000154_4.png,1
uah/45,uah/00000155_2.png,1
uah/45,uah/00000156_3.png,1
uah/45,uah/00000157_2.png,1
uah/45,uah/00000158_2.png,1
uah/45,uah/00000159_2.png,1
uah/45,uah/00000162_2.png,1
uah/45,uah/00000163_2.png,1
uah/45,uah/00000164_3.png,1
uah/45,uah/00000161_2.png,1
uah/45,uah/00000166_2.png,1
uah/45,uah/00000183_2.png,1
uah/45,uah/00000182_2.png,1
uah/45,uah/00000165_2.png,1
uah/45,uah/00000180_3.png,1
uah/45,uah/00000179_4.png,1
uah/45,uah/00000181_4.png,1
uah/45,uah/00000170_3.png,1
uah/45,uah/00000169_2.png,1
uah/45,uah/00000168_2.png,1
uah/45,uah/00000171_3.png,1
uah/45,uah/00000167_2.png,1
uah/46,uah/00000281_3.png,1
uah/46,uah/00000279_3.png,1
uah/46,uah/00000280_3.png,1
uah/46,uah/00000287_2.png,1
uah/46,uah/00000282_2.png,1
uah/46,uah/00000284_2.png,1
uah/46,uah/00000278_3.png,1
uah/46,uah/00000285_2.png,1
uah/46,uah/00000277_3.png,1
uah/46,uah/00000286_2.png,1
uah/46,uah/00000283_2.png,1
uah/46,uah/00000288_2.png,1
uah/46,uah/00000303_2.png,1
uah/46,uah/00000319_3.png,1
uah/46,uah/00000294_2.png,1
uah/46,uah/00000293_4.png,1
uah/46,uah/00000292_4.png,1
uah/46,uah/00000291_3.png,1
uah/46,uah/00000295_2.png,1
uah/46,uah/00000289_2.png,1
uah/46,uah/00000275_3.png,1
uah/46,uah/00000276_3.png,1
uah/46,uah/00000304_2.png,1
uah/46,uah/00000318_2.png,1
uah/46,uah/00000290_2.png,1
uah/47,uah/00000364_2.png,1
uah/47,uah/00000363_3.png,1
uah/47,uah/00000359_3.png,1
uah/47,uah/00000358_3.png,1
uah/47,uah/00000356_3.png,1
uah/47,uah/00000353_2.png,1
uah/47,uah/00000354_2.png,1
uah/47,uah/00000352_2.png,1
uah/47,uah/00000351_2.png,1
uah/47,uah/00000365_2.png,1
uah/47,uah/00000355_3.png,1
uah/47,uah/00000366_3.png,1
uah/47,uah/00000396_2.png,1
uah/47,uah/00000368_3.png,1
uah/47,uah/00000395_2.png,1
uah/47,uah/00000367_2.png,1
uah/47,uah/00000393_2.png,1
uah/47,uah/00000392_2.png,1
uah/47,uah/00000391_2.png,1
uah/47,uah/00000390.png,1
uah/47,uah/00000389.png,1
uah/47,uah/00000388.png,1
uah/47,uah/00000387.png,1
uah/47,uah/00000386_2.png,1
uah/47,uah/00000385_2.png,1
uah/47,uah/00000384_2.png,1
uah/47,uah/00000383.png,1
uah/47,uah/00000382_2.png,1
uah/47,uah/00000394.png,1
uah/47,uah/00000380.png,1
uah/47,uah/00000369_3.png,1
uah/47,uah/00000370_2.png,1
uah/47,uah/00000371_2.png,1
uah/47,uah/00000372_2.png,1
uah/47,uah/00000373_2.png,1
uah/47,uah/00000381_2.png,1
uah/47,uah/00000375.png,1
uah/47,uah/00000376.png,1
uah/47,uah/00000374_2.png,1
uah/47,uah/00000379.png,1
uah/47,uah/00000378.png,1
uah/47,uah/00000377.png,1
uah/48,uah/00000964_3.png,1
uah/48,uah/00000965_3.png,1
uah/48,uah/00000950_2.png,1
uah/48,uah/00000966_3.png,1
uah/48,uah/00000941_2.png,1
uah/48,uah/00000949_3.png,1
uah/48,uah/00000967_2.png,1
uah/48,uah/00000943_3.png,1
uah/48,uah/00000946.png,1
uah/48,uah/00000937_3.png,1
uah/48,uah/00000948_2.png,1
uah/48,uah/00000940.png,1
uah/48,uah/00000938_3.png,1
uah/48,uah/00000947.png,1
uah/48,uah/00000945.png,1
uah/48,uah/00000939_3.png,1
uah/48,uah/00000944_2.png,1
uah/48,uah/00000934.png,1
uah/48,uah/00000942_2.png,1
uah/48,uah/00000933_2.png,1
uah/48,uah/00000954_3.png,1
uah/48,uah/00000951_3.png,1
uah/48,uah/00000960_2.png,1
uah/48,uah/00000953_2.png,1
uah/48,uah/00000957_3.png,1
uah/48,uah/00000956_2.png,1
uah/48,uah/00000959_3.png,1
uah/48,uah/00000958_3.png,1
uah/48,uah/00000931_2.png,1
uah/48,uah/00000961_3.png,1
uah/48,uah/00000962_3.png,1
uah/48,uah/00000963_3.png,1
uah/48,uah/00000952_3.png,1
uah/48,uah/00000955_2.png,1
uah/49,uah/00001072_2.png,1
uah/49,uah/00001074.png,1
uah/49,uah/00001083.png,1
uah/49,uah/00001075.png,1
uah/49,uah/00001077.png,1
uah/49,uah/00001082.png,1
uah/49,uah/00001073_2.png,1
uah/49,uah/00001078.png,1
uah/49,uah/00001081.png,1
uah/49,uah/00001080.png,1
uah/49,uah/00001084.png,1
uah/49,uah/00001079.png,1
uah/49,uah/00001098_2.png,1
uah/49,uah/00001101_2.png,1
uah/49,uah/00001085.png,1
uah/49,uah/00001102.png,1
uah/49,uah/00001100_2.png,1
uah/49,uah/00001099.png,1
uah/49,uah/00001096_2.png,1
uah/49,uah/00001095_2.png,1
uah/49,uah/00001094_2.png,1
uah/49,uah/00001093.png,1
uah/49,uah/00001092.png,1
uah/49,uah/00001091.png,1
uah/49,uah/00001090.png,1
uah/49,uah/00001097_2.png,1
uah/49,uah/00001087.png,1
uah/49,uah/00001086.png,1
uah/49,uah/00001088.png,1
uah/49,uah/00001089.png,1
uah/50,uah/00001175_2.png,1
uah/50,uah/00001157_2.png,1
uah/50,uah/00001174_2.png,1
uah/50,uah/00001156_2.png,1
uah/50,uah/00001173_3.png,1
uah/50,uah/00001172_2.png,1
uah/50,uah/00001158_2.png,1
uah/50,uah/00001192.png,1
uah/50,uah/00001155.png,1
uah/50,uah/00001170_2.png,1
uah/50,uah/00001169_2.png,1
uah/50,uah/00001168.png,1
uah/50,uah/00001167_2.png,1
uah/50,uah/00001166_2.png,1
uah/50,uah/00001165_2.png,1
uah/50,uah/00001164.png,1
uah/50,uah/00001171_2.png,1
uah/50,uah/00001159_2.png,1
uah/50,uah/00001176_2.png,1
uah/50,uah/00001160_2.png,1
uah/50,uah/00001180_2.png,1
uah/50,uah/00001190.png,1
uah/50,uah/00001181_2.png,1
uah/50,uah/00001161_2.png,1
uah/50,uah/00001154_2.png,1
uah/50,uah/00001189.png,1
uah/50,uah/00001182_2.png,1
uah/50,uah/00001188.png,1
uah/50,uah/00001187.png,1
uah/50,uah/00001183.png,1
uah/50,uah/00001177.png,1
uah/50,uah/00001153_2.png,1
uah/50,uah/00001185.png,1
uah/50,uah/00001184.png,1
uah/51,uah/00000024_6.png,2
uah/51,uah/00000025_5.png,2
uah/51,uah/00000021_4.png,2
uah/51,uah/00000030_2.png,2
uah/51,uah/00000023_3.png,2
uah/51,uah/00000029_3.png,2
uah/51,uah/00000027_2.png,2
uah/51,uah/00000028_2.png,2
uah/51,uah/00000031_2.png,2
uah/51,uah/00000026_4.png,2
uah/51,uah/00000043_2.png,2
uah/51,uah/00000019_5.png,2
uah/51,uah/00000041_2.png,2
uah/51,uah/00000040_3.png,2
uah/51,uah/00000039_4.png,2
uah/51,uah/00000005_4.png,2
uah/51,uah/00000006_4.png,2
uah/51,uah/00000012_4.png,2
uah/51,uah/00000013_4.png,2
uah/51,uah/00000038_4.png,2
uah/51,uah/00000014_3.png,2
uah/51,uah/00000042_2.png,2
uah/51,uah/00000017_6.png,2
uah/51,uah/00000034_2.png,2
uah/51,uah/00000018_5.png,2
uah/51,uah/00000033_2.png,2
uah/51,uah/00000032_2.png,2
uah/51,uah/00000020_6.png,2
uah/51,uah/00000022_3.png,2
uah/52,uah/00000303_3.png,1
uah/52,uah/00000256_3.png,1
uah/52,uah/00000319_4.png,1
uah/52,uah/00000318_3.png,1
uah/52,uah/00000317_2.png,1
uah/52,uah/00000315_2.png,1
uah/52,uah/00000314_2.png,1
uah/52,uah/00000313_2.png,1
uah/52,uah/00000312_2.png,1
uah/52,uah/00000311_2.png,1
uah/52,uah/00000321.png,1
uah/52,uah/00000310_2.png,1
uah/52,uah/00000308_2.png,1
uah/52,uah/00000298_2.png,1
uah/52,uah/00000307.png,1
uah/52,uah/00000300.png,1
uah/52,uah/00000306.png,1
uah/52,uah/00000305.png,1
uah/52,uah/00000302.png,1
uah/52,uah/00000304_3.png,1
uah/52,uah/00000309_2.png,1
uah/52,uah/00000255_3.png,1
uah/52,uah/00000322_2.png,1
uah/52,uah/00000324.png,1
uah/52,uah/00000257_3.png,1
uah/52,uah/00000259_3.png,1
uah/52,uah/00000260_4.png,1
uah/52,uah/00000261_2.png,1
uah/52,uah/00000262_3.png,1
uah/52,uah/00000263_2.png,1
uah/52,uah/00000323.png,1
uah/52,uah/00000258_3.png,1
uah/52,uah/00000331.png,1
uah/52,uah/00000330_2.png,1
uah/52,uah/00000329_2.png,1
uah/52,uah/00000328_2.png,1
uah/52,uah/00000327_2.png,1
uah/52,uah/00000326_2.png,1
uah/52,uah/00000325_2.png,1
uah/53,uah/00000425.png,1
uah/53,uah/00000430_2.png,1
uah/53,uah/00000431_2.png,1
uah/53,uah/00000423.png,1
uah/53,uah/00000426.png,1
uah/54,uah/00000717_3.png,1
uah/54,uah/00000691_3.png,1
uah/54,uah/00000707_3.png,1
uah/54,uah/00000692_4.png,1
uah/54,uah/00000706_3.png,1
uah/54,uah/00000702_5.png,1
uah/54,uah/00000701_5.png,1
uah/54,uah/00000700_6.png,1
uah/54,uah/00000699_6.png,1
uah/54,uah/00000685_2.png,1
uah/54,uah/00000697_6.png,1
uah/54,uah/00000718_3.png,1
uah/54,uah/00000708_4.png,1
uah/54,uah/00000696_5.png,1
uah/54,uah/00000709_3.png,1
uah/54,uah/00000684.png,1
uah/54,uah/00000698_6.png,1
uah/54,uah/00000683.png,1
uah/54,uah/00000693_3.png,1
uah/54,uah/00000716_3.png,1
uah/54,uah/00000690_3.png,1
uah/54,uah/00000710_2.png,1
uah/54,uah/00000694_5.png,1
uah/54,uah/00000715_4.png,1
uah/54,uah/00000688_2.png,1
uah/54,uah/00000712_3.png,1
uah/54,uah/00000714_3.png,1
uah/54,uah/00000695_6.png,1
uah/54,uah/00000713_3.png,1
uah/54,uah/00000711_2.png,1
uah/54,uah/00000678.png,1
uah/54,uah/00000679_2.png,1
uah/55,uah/00000927.png,2
uah/55,uah/00000926_2.png,2
uah/55,uah/00000925_2.png,2
uah/55,uah/00000924_2.png,2
uah/55,uah/00000913_2.png,2
uah/55,uah/00000922_2.png,2
uah/55,uah/00000921_2.png,2
uah/55,uah/00000920.png,2
uah/55,uah/00000919_2.png,2
uah/55,uah/00000915_2.png,2
uah/55,uah/00000914_2.png,2
uah/55,uah/00000923_2.png,2
uah/55,uah/00000916_2.png,2
uah/55,uah/00000928_2.png,2
uah/55,uah/00000931_3.png,2
uah/55,uah/00000954_4.png,1
uah/55,uah/00000953_3.png,2
uah/55,uah/00000952_4.png,2
uah/55,uah/00000951_4.png,2
uah/55,uah/00000950_3.png,2
uah/55,uah/00000949_4.png,2
uah/55,uah/00000948_3.png,2
uah/55,uah/00000929.png,2
uah/55,uah/00000946_2.png,2
uah/55,uah/00000942_3.png,2
uah/55,uah/00000947_2.png,2
uah/55,uah/00000941_3.png,2
uah/55,uah/00000940_2.png,2
uah/55,uah/00000939_4.png,2
uah/55,uah/00000938_4.png,2
uah/55,uah/00000937_4.png,2
uah/55,uah/00000936_3.png,2
uah/55,uah/00000934_2.png,2
uah/55,uah/00000933_3.png,2
uah/55,uah/00000932_2.png,2
uah/55,uah/00000935_3.png,2
uah/56,uah/00000015_4.png,1
uah/56,uah/00000016_5.png,1
uah/56,uah/00000017_5.png,1
uah/56,uah/00000018_6.png,1
uah/56,uah/00000019_6.png,1
uah/56,uah/00000014_4.png,1
uah/56,uah/00000049_2.png,1
uah/56,uah/00000012_5.png,1
uah/56,uah/00000021_5.png,1
uah/56,uah/00000011_4.png,1
uah/56,uah/00000010_4.png,1
uah/56,uah/00000009_4.png,1
uah/56,uah/00000008_3.png,1
uah/56,uah/00000007_4.png,1
uah/56,uah/00000006_3.png,1
uah/56,uah/00000005_3.png,1
uah/56,uah/00000004_3.png,1
uah/56,uah/00000003_3.png,1
uah/56,uah/00000002_3.png,1
uah/56,uah/00000013_5.png,1
uah/56,uah/00000022_4.png,1
uah/56,uah/00000001.png,1
uah/56,uah/00000037_2.png,1
uah/56,uah/00000025_6.png,1
uah/56,uah/00000028_3.png,1
uah/56,uah/00000023_4.png,1
uah/56,uah/00000029_4.png,1
uah/56,uah/00000050_2.png,1
uah/56,uah/00000030_3.png,1
uah/56,uah/00000031_3.png,1
uah/56,uah/00000032_3.png,1
uah/56,uah/00000033_3.png,1
uah/56,uah/00000034_3.png,1
uah/56,uah/00000035_3.png,1
uah/56,uah/00000036_3.png,1
uah/56,uah/00000027_3.png,1
uah/56,uah/00000059.png,1
uah/56,uah/00000038_5.png,1
uah/56,uah/00000026_5.png,1
uah/56,uah/00000057.png,1
uah/56,uah/00000048_2.png,1
uah/56,uah/00000047_2.png,1
uah/56,uah/00000046_2.png,1
uah/56,uah/00000045_3.png,1
uah/56,uah/00000058.png,1
uah/56,uah/00000043_3.png,1
uah/56,uah/00000051_2.png,1
uah/56,uah/00000044_2.png,1
uah/56,uah/00000052_2.png,1
uah/56,uah/00000053.png,1
uah/56,uah/00000041.png,1
uah/56,uah/00000040_4.png,1
uah/56,uah/00000054.png,1
uah/56,uah/00000055_2.png,1
uah/56,uah/00000042_3.png,1
uah/57,uah/00000536.png,2
uah/57,uah/00000537.png,2
uah/57,uah/00000538.png,2
uah/57,uah/00000539_2.png,2
uah/57,uah/00000540_2.png,2
uah/57,uah/00000541_2.png,2
uah/57,uah/00000554_3.png,2
uah/57,uah/00000543_4.png,2
uah/57,uah/00000553_4.png,2
uah/57,uah/00000567_3.png,2
uah/57,uah/00000551_4.png,2
uah/57,uah/00000566_3.png,2
uah/57,uah/00000565_2.png,2
uah/57,uah/00000564_3.png,2
uah/57,uah/00000563_3.png,2
uah/57,uah/00000562.png,2
uah/57,uah/00000561_3.png,2
uah/57,uah/00000560_3.png,2
uah/57,uah/00000559_3.png,2
uah/57,uah/00000558_3.png,2
uah/57,uah/00000557_4.png,2
uah/57,uah/00000552_4.png,2
uah/57,uah/00000556_4.png,2
uah/57,uah/00000555_4.png,2
uah/57,uah/00000568_3.png,2
uah/57,uah/00000542_3.png,2
uah/57,uah/00000569_2.png,2
uah/57,uah/00000571_2.png,2
uah/57,uah/00000544_4.png,2
uah/57,uah/00000545_4.png,2
uah/57,uah/00000546_4.png,2
uah/57,uah/00000547_3.png,2
uah/57,uah/00000548_3.png,2
uah/57,uah/00000582_2.png,2
uah/57,uah/00000581_3.png,2
uah/57,uah/00000580_3.png,2
uah/57,uah/00000579_4.png,2
uah/57,uah/00000578_3.png,2
uah/57,uah/00000577_2.png,2
uah/57,uah/00000576_3.png,2
uah/57,uah/00000574_3.png,2
uah/57,uah/00000550_3.png,2
uah/57,uah/00000572_2.png,2
uah/57,uah/00000570_2.png,2
uah/57,uah/00000549_3.png,2